Keyword,Difficulty,"Search vol.","Search intent","SERP features",CPC,Competition
"visit sri lanka",21,660,I,"Reviews, Video, People also ask, Bottom Ads, Destinations, AI Overview",1.04,0.51
"best time to visit sri lanka",59,6600,I,"Reviews, Video, People also ask, AI Overview, Related searches, Sites",0.29,0.24
"where to visit sri lanka",18,590,I,"Video, People also ask, Bottom Ads, Destinations, AI Overview, Related searches, Image, Sites",0.7,0.46
"where to visit in sri lanka",12,590,I,"Video, People also ask, Bottom Ads, Destinations, AI Overview, Image, Middle Ads",0.7,0.46
"sri lanka tourism places to visit",17,480,I,"Reviews, Video, People also ask, Bottom Ads, Destinations, AI Overview, Related searches, Middle Ads",0.66,0.33
"best time to visit sri lanka weather",16,390,I,"Reviews, Video, People also ask, Bottom Ads, AI Overview, Related searches, Sites",0.2,0.37
"best time visit sri lanka weather",16,390,I,"Reviews, Video, People also ask, Bottom Ads, AI Overview, Related searches, Sites, Middle Ads",0.2,0.37
"best time to visit sri lanka for weather",16,390,I,"Reviews, Video, People also ask, Bottom Ads, AI Overview, Related searches",0.2,0.37
"sri lanka why visit",13,360,I,"Reviews, Video, People also ask, Images, Find results on, AI Overview, Related searches",1.04,0.51
"sri lanka visit places",21,320,I,"Reviews, Video, People also ask, Images, Bottom Ads, Destinations, Related searches, Image",0.61,0.36
"sri lanka visiting place",20,320,I,"Video, People also ask, Images, Bottom Ads, Find results on, Destinations, AI Overview, Related searches",0.61,0.36
"visit sri lanka places",18,320,I,"Reviews, Video, People also ask, Bottom Ads, Find results on, AI Overview, Related searches",0.61,0.36
"sri lanka place to visit",18,320,I,"Reviews, Video, People also ask, Bottom Ads, Find results on, Destinations, AI Overview",0.61,0.36
"sri lanka places to visit",12,320,I,"Reviews, Video, People also ask, Bottom Ads, Destinations, AI Overview, Related searches",0.61,0.36
"places in sri lanka to visit",18,320,I,"Video, People also ask, Bottom Ads, Find results on",0.61,0.36
"sri lanka visiting places",21,320,I,"Reviews, Video, People also ask, Images, Bottom Ads, Find results on, Destinations, AI Overview, Image",0.68,0.27
"visit sri lanka best time",12,260,I,"Reviews, Video, People also ask, Bottom Ads, AI Overview, Related searches",0.47,0.25
"best times to visit sri lanka",12,260,I,"Reviews, Video, People also ask, AI Overview, Related searches",0.47,0.25
"best time to visit sri lanka and maldives",0,260,I,,0.83,0.48
"is sri lanka safe to visit",36,260,I,"Reviews, Video, People also ask, Find results on, AI Overview, Related searches, Sites",0,0
"is it safe to visit sri lanka",36,260,I,"Reviews, Video, People also ask, Find results on, AI Overview, Related searches, Sites",0,0
"best places of sri lanka to visit",12,210,I,"Reviews, Video, People also ask, Bottom Ads, Destinations, AI Overview, Related searches",0.69,0.43
"top 10 places to visit in sri lanka",12,210,I,"Reviews, Video, People also ask, Bottom Ads, Destinations, AI Overview, Related searches",0.55,0.31
"sri lanka best places to visit",12,210,I,"Reviews, Video, People also ask, Bottom Ads, Destinations, AI Overview, Related searches",0.69,0.43
"top ten places to visit in sri lanka",12,210,I,"Reviews, Video, People also ask, Find results on, AI Overview, Related searches",0.55,0.31
"sri lanka best places visit",12,210,I,"Video, People also ask, Bottom Ads, Destinations, AI Overview, Related searches, Image",0.7,0.36
"best places in sri lanka to visit",12,210,I,"Video, People also ask, Destinations, AI Overview, Related searches",0.69,0.43
"best place in sri lanka to visit",13,210,I,"Reviews, Video, People also ask, Bottom Ads, Find results on, Destinations, AI Overview, Related searches",0.69,0.43
"is sri lanka worth visiting",12,210,I,"Reviews, Video, People also ask, AI Overview, Related searches",0.56,0.12
"sri lanka best place to visit",12,210,I,"Video, People also ask, Bottom Ads, Destinations, AI Overview, Related searches",0.69,0.43
"must visit places in sri lanka",12,210,I,"Video, People also ask, Bottom Ads, AI Overview, Related searches, Sites",0.61,0.54
"top 10 places to visit sri lanka",12,210,I,"Reviews, Video, People also ask, Bottom Ads, Find results on, AI Overview, Related searches",0.55,0.31
"best time for sri lanka visit",16,170,I,"Reviews, Video, People also ask, AI Overview, Related searches, Sites",0.39,0.23
"best places to visit sri lanka",12,170,I,"Reviews, Video, People also ask, Find results on, Destinations, AI Overview, Related searches",0.68,0.46
"places to visit in colombo sri lanka",8,170,I,"Reviews, Video, People also ask, Find results on, AI Overview, Related searches",0.27,0.15
"best time to visit in sri lanka",13,170,I,"Reviews, Video, People also ask, Find results on, AI Overview, Related searches, Sites",0.39,0.23
"best time sri lanka visit",12,170,I,"Reviews, Video, People also ask, Bottom Ads, AI Overview, Related searches, Image, Sites",0.29,0.24
"best place to visit sri lanka",12,170,I,"Reviews, Video, People also ask, Destinations, AI Overview, Related searches",0.68,0.46
"visa to visit sri lanka",32,170,I,"People also ask, Bottom Ads, AI Overview, Related searches",1.15,0.47
"best time visit sri lanka",12,170,I,"Reviews, Video, People also ask, AI Overview, Related searches, Sites",0.29,0.24
"do i need visa to visit sri lanka",42,140,I,"People also ask, AI Overview, Related searches",0.93,0.41
"sri lanka what to visit",12,140,I,"Reviews, Video, People also ask, Images, Bottom Ads, Find results on, AI Overview, Related searches, Middle Ads",0.43,0.32
"do i need a visa to visit sri lanka",39,140,I,"People also ask, Bottom Ads, AI Overview",0.93,0.41
"what is the best time to visit sri lanka",13,140,I,"Reviews, Video, People also ask, AI Overview, Related searches",0.34,0.39
"visit sri lanka visa",43,110,I,"People also ask, AI Overview, Related searches, Sites",1.02,0.41
"sri lanka visit visa",48,110,I,"People also ask, AI Overview, Related searches",0.73,0.36
"sri lanka visiting visa",38,110,I,"People also ask, Bottom Ads, AI Overview, Related searches",1.02,0.41
"visiting sri lanka visa",40,110,I,"Reviews, People also ask, AI Overview, Related searches",1.02,0.41
"is november a good time to visit sri lanka",6,110,I,"Reviews, Video, People also ask, Bottom Ads, AI Overview, Related searches, Sites",0.15,0.13
"visit visa to sri lanka",43,110,I,"People also ask, Bottom Ads, AI Overview, Related searches, Sites",0.73,0.36
"good time to visit sri lanka",12,100,I,"Reviews, Video, People also ask, AI Overview, Related searches, Sites, Middle Ads",0.29,0.24
"sri lanka good time to visit",12,100,I,"Featured snippets, Video, People also ask, Related searches",0.29,0.24
"why to visit sri lanka",14,90,I,"Video, People also ask, Find results on, AI Overview, Related searches, Sites",0.52,0.25
"is sri lanka good place to visit",14,90,I,"Reviews, Video, People also ask, Destinations, AI Overview, Related searches",0.61,0.1
"is sri lanka a good place to visit",14,90,I,"Reviews, Video, People also ask, Destinations, AI Overview, Related searches",0.61,0.1
"do you need a visa to visit sri lanka",39,90,I,"People also ask, AI Overview, Related searches, Sites",0.65,0.28
"how to get sri lanka visit visa",0,90,,,0.62,0.7
"best time to visit colombo sri lanka",0,90,,,0.15,0.19
"is september a good time to visit sri lanka",6,70,I,"Reviews, Video, People also ask, AI Overview, Related searches",0.15,0.16
"places to visit in jaffna sri lanka",4,70,I,"Reviews, Video, People also ask, Find results on, Related searches",0.15,0.17
"is october a good time to visit sri lanka",0,70,,,0.29,0.28
"visit sri lanka tours",15,70,"I, N","Reviews, Sitelinks, People also ask, Bottom Ads, Related searches, Sites",1.19,0.51
"visit sri lanka packages",12,70,I,"Reviews, Video, People also ask, Bottom Ads, AI Overview, Related searches, Middle Ads",0.64,0.66
"top places to visit in sri lanka",12,70,I,"Reviews, Video, People also ask, Bottom Ads, AI Overview, Related searches",0.63,0.42
"best time to visit sri lanka for holiday",0,50,,,0.94,0.69
"best season visit sri lanka",17,50,I,"Reviews, Video, People also ask, AI Overview, Related searches, Sites",0.35,0.25
"uk visit visa application from sri lanka",0,50,,,2.7,0.16
"best time to visit sri lanka holidays",0,50,,,0.94,0.69
"sri lanka best month to visit",12,50,I,"Reviews, Video, People also ask, Find results on, AI Overview, Related searches, Sites",0.35,0.25
"places to visit kandy sri lanka",9,50,I,"Reviews, Video, People also ask, Find results on, AI Overview, Related searches",0,0.1
"is may a good time to visit sri lanka",0,50,,,1.8,0.24
"is january a good time to visit sri lanka",0,50,,,0.22,0.28
"places to visit in ella sri lanka",0,50,,,0,0.01
"top 5 places to visit sri lanka",0,50,,,0.68,0.52
"best time to visit kandy sri lanka",0,50,,,0.48,0.2
"is december a good time to visit sri lanka",0,50,,,0.17,0.2
"is march a good time to visit sri lanka",0,50,,,1.41,0.26
"best part of sri lanka to visit",12,50,I,"Video, People also ask, Bottom Ads, Find results on, Destinations, Related searches, Sites",0.65,0.46
"places to visit in kandy sri lanka",9,50,I,"Reviews, Video, People also ask, Find results on, AI Overview, Related searches",0,0.1
"cheapest time to visit sri lanka",0,40,,,0.28,0.17
"when to visit sri lanka weather",0,40,,,0,0.03
"places to visit in sri lanka with family",13,40,I,"Reviews, Video, People also ask, Bottom Ads, Find results on, Related searches, Image",0.55,0.44
"is sri lanka a safe place to visit",0,40,,,0,0.02
"sri lanka top places to visit",12,40,I,"Video, People also ask, Bottom Ads, Destinations, AI Overview, Related searches, Image",0.56,0.3
"apply visit visa to uk from sri lanka",0,40,,,1.25,0.38
"visit colombo sri lanka",9,40,I,"Reviews, Video, People also ask, Find results on, Related searches",0.5,0.27
"is june a good time to visit sri lanka",0,40,,,0.28,0.23
"best cities to visit in sri lanka",12,40,I,"Reviews, Video, People also ask, Bottom Ads, AI Overview, Related searches",0.39,0.1
"visiting visa to uk from sri lanka",36,40,I,"Reviews, Video, People also ask, AI Overview, Related searches, Sites",0.8,0.11
"visit visa to uk from sri lanka",18,40,I,"Video, People also ask, Related searches",0.8,0.11
"places to visit in trincomalee sri lanka",5,40,I,"Reviews, Video, People also ask, Find results on, AI Overview, Related searches",0.34,0.11
"beautiful places in sri lanka to visit",0,30,,,1.15,0.11
"nuwara eliya sri lanka places to visit",0,30,,,0,0.08
"visit visa to india from sri lanka",0,30,,,0,0.16
"sri lanka time to visit",12,30,I,"Reviews, Video, People also ask, Bottom Ads, AI Overview, Related searches",0.29,0.33
"places to visit in nuwara eliya sri lanka",5,30,I,"Reviews, Video, People also ask, Find results on, Related searches",0,0.07
"places to visit in sri lanka nuwara-eliya",0,30,,,0,0.01
"visit visa to malaysia from sri lanka",0,30,,,0.95,0.14
"best places to visit in sri lanka in august",10,30,I,"Video, People also ask, Bottom Ads, Find results on, AI Overview, Related searches, Image",0.59,0.48
"how to apply uk visit visa from sri lanka",0,30,,,0,0
"best place to visit in sri lanka in august",0,30,,,0.59,0.48
"places to visit in sri lanka nuwara eliya",0,30,,,0,0.01
"sri lanka to visit",14,30,I,"Video, People also ask, Bottom Ads, Destinations, AI Overview, Related searches, Image",1.27,0.65
"best places to visit in sri lanka in september",13,20,I,"Reviews, Video, People also ask, Bottom Ads, AI Overview, Related searches, Image, Sites, Middle Ads",1.13,0.75
"how many tourists visit sri lanka each year",0,20,,,0,0
"best places to visit in sri lanka in december",14,20,I,"Video, Find results on, AI Overview, Related searches",1.31,0.48
"how long to visit sri lanka",10,20,I,"Video, People also ask, AI Overview, Related searches, Sites",0,0.12
"places to visit in negombo sri lanka",0,20,,,0,0.02
"cities to visit in sri lanka",12,20,I,"Reviews, Video, People also ask, Bottom Ads, AI Overview, Related searches, Sites",0.48,0.19
"where is the best place to visit in sri lanka",12,20,I,"Video, People also ask, Images, Destinations, AI Overview, Related searches",1.19,0.46
"best time to visit sri lanka east coast",0,20,,,0.58,0.44
"how to visit sri lanka",28,20,I,"Reviews, Video, People also ask, Bottom Ads, AI Overview, Related searches, Sites",0.57,0.49
"places to visit in sri lanka for couples",13,20,I,"Reviews, Video, People also ask, Bottom Ads, Find results on, AI Overview, Related searches, Sites",0.71,0.44
"sri lanka to dubai visit visa",8,20,I,"Reviews, Video, People also ask, Bottom Ads, AI Overview, Related searches",0,0.46
"best place to visit in sri lanka in july",13,20,I,"Reviews, Video, People also ask, Bottom Ads, AI Overview, Related searches",0.89,0.64
"best time to visit sri lanka weather wise",16,20,I,"Reviews, Video, People also ask, Bottom Ads, AI Overview",0,0.27
"beautiful places in sri lanka for visit",0,20,,,0.74,0.2
"visiting sri lanka from uk",21,20,"I, N","Reviews, Sitelinks, Video, People also ask, Bottom Ads, AI Overview, Related searches, Sites",0.95,0.6
"how many days to visit sri lanka",7,20,I,"Video, People also ask, Bottom Ads, Find results on, AI Overview, Image, Sites",0,0
"time to visit sri lanka",12,20,I,"Reviews, Video, People also ask, Bottom Ads, Find results on, AI Overview, Related searches",0.23,0.21
"places to visit in hatton sri lanka",0,20,,,0,0
"best places to visit sri lanka in july",0,20,,,1.16,0.56
"uk visit visa fees from sri lanka",27,20,I,"Featured snippets, Video, People also ask, Related searches",0,0
"best places to visit in sri lanka in july",11,20,I,"Video, People also ask, Bottom Ads, AI Overview, Related searches, Middle Ads",0.96,0.57
"visit sri lanka tours reviews",0,20,,,2.32,0.24
"best time to visit sri lanka beaches",0,20,,,0.85,0.4
"is sri lanka good to visit in august",0,20,,,1.16,0.26
"beautiful places to visit sri lanka",0,20,,,0.74,0.2
"visit sri lanka tours review",9,20,I,"Reviews, Video, Bottom Ads, AI Overview, Related searches, Image, Sites",0,0.07
"visiting sri lanka in july",6,20,"L, C","Local pack, Reviews, Video, People also ask, AI Overview, Related searches",1.3,0.35
"best places to visit in colombo sri lanka",12,20,I,"Reviews, Video, People also ask, Bottom Ads, Find results on",0,0.03
"best places to visit in sri lanka in january",10,20,I,"Reviews, Video, People also ask, Bottom Ads, AI Overview, Related searches",0.81,0.43
"sri lanka must visit places",12,20,I,"Video, People also ask, Images, Find results on, AI Overview, Related searches",0.69,0.53
"visit visa to dubai from sri lanka",0,20,,,0,0.46
"times to visit sri lanka",16,20,I,"Reviews, Video, People also ask, AI Overview, Related searches",0.55,0.37
"uk visit visa fee from sri lanka",29,20,I,"Video, People also ask, AI Overview, Related searches",0,0
"beautiful places to visit in sri lanka",12,20,I,"Video, People also ask, Destinations, AI Overview, Related searches",0.74,0.2
"dubai visit visa from sri lanka",0,20,,,0,0.46
"best time to visit negombo sri lanka",0,20,,,0,0.17
"places to visit in sri lanka",17,20,I,"Reviews, Video, People also ask, Bottom Ads, Find results on, Destinations, AI Overview, Related searches",0.62,0.48
"uk visiting visa from sri lanka",34,20,I,"Reviews, Video, People also ask, AI Overview, Related searches",0,0.01
"sri lanka visit visa application form",0,20,,,0.97,0.63
"best time to visit east coast sri lanka",0,20,,,0.58,0.44
"did buddha visit sri lanka",0,20,,,0,0
"visit to sri lanka visa",37,20,I,"People also ask, AI Overview, Related searches",1.57,0.4
"best time to visit nuwara eliya sri lanka",0,20,,,0,0.07
"sri lanka safe to visit",36,20,I,"Reviews, Video, People also ask, AI Overview, Related searches, Sites",0,0.01
"visiting sri lanka in august",0,20,,,1.88,0.45
"visit sri lanka in august",0,20,,,1.88,0.45
"sri lanka visit in august",0,20,,,1.88,0.45
"best places to visit in sri lanka in february",8,20,I,"Reviews, Video, People also ask, Bottom Ads, AI Overview, Related searches, Image",0.47,0.64
"visit visa to germany from sri lanka",0,10,,,0,0
"places to visit in sri lanka near colombo",0,10,,,0,0
"best time to visit sri lanka south",0,10,,,0,0
"maldives president visit to sri lanka",0,10,,,0,0
"go visit sri lanka",0,10,,,0,0
"safe to visit sri lanka",0,10,,,0,0
"places to visit in sri lanka in july",11,10,I,"Reviews, Video, People also ask, Bottom Ads, Find results on, AI Overview, Related searches",0,0.86
"best place to visit sri lanka in august",0,10,,,0,0
"places to visit batticaloa sri lanka",0,10,,,0,0
"places to visit in southern sri lanka",0,10,,,0,0
"places worth visiting in sri lanka",12,10,I,"Video, People also ask, Bottom Ads, Destinations, AI Overview, Related searches, Middle Ads",0.62,0.48
"visiting sri lanka in june",0,10,,,0,0
"queen visit sri lanka",0,10,,,0,0
"places to visit in mannar sri lanka",0,10,,,0,0
"why visit sri lanka",14,10,I,"Video, People also ask, AI Overview, Related searches, Sites",1.09,0.38
"best time to visit ella sri lanka",0,10,,,0,0
"sri lanka pm visit to india",0,10,,,0,0
"pope francis sri lanka visit",0,10,,,0,0
"places to visit in trinco sri lanka",0,10,,,0,0
"best time of the year to visit sri lanka",12,10,I,"Reviews, Video, People also ask, Bottom Ads, AI Overview, Related searches, Sites, Middle Ads",0.33,0.23
"when is the best time to visit sri lanka",0,10,I,,0.31,0.34
"france visit visa for sri lanka",0,10,,,0,0
"best time to visit northern sri lanka",0,10,,,0,0.28
"home and hotel visit massage in sri lanka",0,10,,,0,0
"places to visit in sri lanka colombo",0,10,,,1.1,0
"visit sri lanka logo",0,10,,,0,0
"best time to visit sri lanka october",0,10,,,0,0
"visit visa to italy from sri lanka",0,10,,,0,0
"best time to visit sri lanka lonely planet",0,10,,,0,0
"visit sri lanka in may",0,10,,,0,0
"best time of year visit sri lanka",0,10,,,0,0
"sri lanka nice places to visit",12,10,I,"Reviews, Video, People also ask, Bottom Ads, Find results on, Destinations, AI Overview, Related searches, Middle Ads",0,0.46
"visiting places in sri lanka list",20,10,I,"Reviews, Video, People also ask, Images, Bottom Ads, Destinations, AI Overview, Related searches, Middle Ads",0,0.56
"visit sri lanka december",0,10,,,0,0
"best time to visit bentota sri lanka",0,10,,,0,0
"sri lanka places to visit near colombo",0,10,,,0,0
"do you need visa to visit sri lanka",0,10,,,0,0
"places to visit in polonnaruwa sri lanka",0,10,,,0,0
"sri lanka where to visit",12,10,I,"Reviews, Video, People also ask, Top Ads, Bottom Ads, AI Overview, Related searches, Sites",1.09,0.38
"visit sri lanka in october",0,10,,,2.75,0
"best places to visit in galle sri lanka",5,10,I,"Reviews, Video, People also ask, Find results on, AI Overview, Related searches",0,0
"does indian need visa to visit sri lanka",0,10,,,0,0
"what to visit in colombo sri lanka",9,10,I,"Reviews, People also ask, Related searches, Image, Sites",0,0
"visiting sri lanka in november",0,10,,,1.02,0
"places to visit in matara sri lanka",0,10,,,0,0
"top places in sri lanka to visit",12,10,I,"Video, People also ask, Bottom Ads, Find results on, AI Overview, Related searches",0,0.56
"visit visa to australia from sri lanka",0,10,,,0,0
"sri lanka beaches to visit",10,10,I,"Reviews, Video, People also ask, Images, Bottom Ads, Find results on, Destinations, AI Overview, Related searches, Middle Ads",0.46,0.5
"best time to visit north sri lanka",0,10,,,0,0
"beautiful place in sri lanka to visit",0,10,,,0,0
"best time to visit sri lanka 2016",0,10,,,0,0
"galle sri lanka places to visit",0,10,,,0,0
"visiting lecturer vacancies in sri lanka",4,10,L,"Images, Related searches",0,0
"sri lanka places to visit in colombo",0,10,,,1.1,0
"ideal time to visit sri lanka",0,10,,,0.2,0.24
"best time to visit sri lanka 2015",0,10,,,0,0
"which national park to visit in sri lanka",0,10,,,0,0
"pope francis sri lanka visit website",0,10,,,0,0
"places to visit sri lanka colombo",0,10,,,1.1,0
"visiting sri lanka in may",0,10,,,0,0
"places to visit in kataragama sri lanka",0,10,,,0,0
"sri lanka places to visit in december",13,10,I,"Reviews, Video, People also ask, Bottom Ads, Destinations, AI Overview, Related searches",0,0
"visit visa sri lanka",43,10,I,"Reviews, People also ask, Bottom Ads, AI Overview, Related searches, Sites",0.98,0.4
"visit visa to qatar from sri lanka",0,10,,,0,0
"pm visit to sri lanka",0,10,,,0,0
"historical places to visit in sri lanka",0,10,,,0,0
"sri lanka visit tour",0,10,,,0,0.56
"best places to visit in sri lanka in november",11,10,I,"Video, People also ask, Bottom Ads, Find results on, AI Overview, Related searches, Sites",0,0
"top 3 places to visit in sri lanka",0,10,,,0,0
"important places to visit in sri lanka",24,10,I,"People also ask, Related searches, Image, Sites",0.39,0.5
"places to visit in dambulla sri lanka",6,10,I,"Reviews, People also ask, Related searches, Image, Sites",0,0
"best time to visit sri lanka in june",0,10,,,0,0
"sri lanka best country to visit",0,10,,,0,0
"sri lanka tea plantation visit",0,10,,,0,0
"places to visit in sri lanka in 3 days",14,10,I,"Video, People also ask, Bottom Ads, Find results on, AI Overview, Related searches",0,0
"places to visit in sri lanka for honeymoon",18,10,I,"Reviews, Video, People also ask, Bottom Ads, Destinations, AI Overview, Related searches",0,0
"best time to visit sri lanka for honeymoon",0,10,,,0,0
"why do tourists visit sri lanka",0,10,,,0,0
"trincomalee visiting places sri lanka",0,10,,,0,0
"top 20 places to visit in sri lanka",0,10,,,0,0.01
"sri lanka good place to visit",12,10,I,"Reviews, Video, People also ask, Destinations, AI Overview, Related searches, Middle Ads",0.72,0.51
"sri lanka tourist places to visit",0,10,,,0,0
"best time to visit sri lanka west coast",0,10,,,0,0
"best time to visit west coast of sri lanka",0,10,,,0,0
"which is the best place to visit in sri lanka",0,10,,,0,0
"best time to visit yala national park sri lanka",0,10,,,0,0
"visit north sri lanka",0,10,,,0,0
"places to visit in sri lanka in 7 days",0,10,,,0,0
"nice places to visit in sri lanka",12,10,I,"Video, People also ask, Bottom Ads, Destinations, AI Overview, Related searches, Middle Ads",0,0.33
"vaccination for sri lanka visit",0,10,,,0,0
"time of year to visit sri lanka",0,10,,,0,0
"ella sri lanka places to visit",6,10,I,"Video, People also ask, Find results on",0,0
"visiting sri lanka from india",0,10,,,0,0
"pope francis visit to sri lanka",0,10,,,0,0
"sri lanka visiting",40,10,I,"Reviews, Video, People also ask, Images, Find results on, Destinations, Related searches",1.04,0.51
"why you should visit sri lanka",0,10,,,0,0
"visit sri lanka september",0,10,,,2.73,0
"place to visit in sri lanka",18,10,I,"Reviews, Video, People also ask, Top Ads, Bottom Ads, Find results on, Destinations, AI Overview, Related searches",0.62,0.48
"sri lanka home visit massage",0,10,,,0,0
"when to visit sri lanka",12,10,I,"Reviews, Video, People also ask, Bottom Ads, AI Overview, Related searches",0.21,0.19
"weather sri lanka best time to visit",0,10,,,0,0
"best time to visit sri lanka 2017",0,10,,,0,0
"places to visit in sri lanka in september",14,10,I,"Reviews, Video, People also ask, Bottom Ads, AI Overview, Related searches, Image",0,0.71
"sri lanka time of year to visit",0,10,,,0,0
"best places to visit in sri lanka tripadvisor",0,10,,,0,0
"visit visa extension sri lanka",0,10,,,0,0
"ireland visit visa from sri lanka",0,10,,,0,0
"best time to visit trincomalee sri lanka",0,10,,,0,0
"pope visits sri lanka",0,10,,,0,0
"best places to visit sri lanka in june",0,10,,,3.22,0
"best time to visit south india and sri lanka",0,10,,,0,0
"places to visit near sri lanka",0,10,,,0,0
"places to visit in sri lanka in 5 days",11,10,I,"Reviews, Video, People also ask, Bottom Ads, AI Overview, Related searches, Image, Sites, Middle Ads",0,0
"sri lanka visit visa fee for pakistani",0,10,,,0,0
"sri lanka places to visit map",0,10,,,0,0
"best way to visit sri lanka",0,10,,,5.58,0
"visit sri lanka in july",0,10,,,2.96,0
"papal visit sri lanka",0,10,,,0,0
"most beautiful places in sri lanka to visit",14,10,I,"Reviews, People also ask, Bottom Ads, Related searches, Image, Sites",0,0
"top 10 tourist places to visit in sri lanka",0,10,,,0,0
"holiday visit sri lanka",0,10,,,0,0
"best tea factory to visit in sri lanka",0,10,,,0,0
"imran khan visit sri lanka",0,10,I,,0,0
"places to visit in sri lanka in february",11,10,I,"Reviews, Video, People also ask, Bottom Ads, AI Overview, Related searches, Image, Middle Ads",0,0
"pope visit sri lanka 2015",0,10,,,0,0
"do malaysian need visa to visit sri lanka",0,10,,,0,0
"when is the best time to visit colombo sri lanka",0,10,,,5.62,0
"visiting lecturer jobs in sri lanka",0,10,,,0,0
"visit visa to sri lanka from india",0,10,,,0,0
"visit east sri lanka",0,10,,,0,0
"best time to visit sri lanka tourism",0,10,,,0,0
"is passport required to visit sri lanka from india",0,10,,,0,0
"how is sri lanka to visit",0,10,,,0,0.01
"places to visit at sri lanka",18,10,I,"Video, People also ask, Bottom Ads, Destinations, AI Overview, Related searches, Image",0.62,0.48
"american visit visa from sri lanka",0,10,,,0,0
"nice places in sri lanka to visit",0,10,,,0.67,0
"visit sri lanka video",11,10,I,"Reviews, Related searches",0,0.07
"best places to visit in sri lanka blog",0,10,,,0,0
"best places to visit in sri lanka in april",0,10,,,0,0
"best part of sri lanka to visit in july",0,10,,,0.55,0.41
"sri lanka important places to visit",0,10,,,1.28,0
"best places to visit in trincomalee sri lanka",5,10,I,"Reviews, Video, People also ask, Bottom Ads, Find results on, Related searches",0,0.71
"visit to sri lanka visa requirements",0,10,,,0,0
"places to visit in eastern province sri lanka",0,10,,,0,0
"sri lanka beautiful places to visit",0,10,,,0,0
"sri lanka best period to visit",0,10,,,0,0
"visiting sri lanka visa requirements",0,10,,,0,0
"sri lanka best time to visit weather",0,10,,,1.9,0
"best places to visit in sri lanka in october",0,10,,,0,0
"tips for visiting sri lanka",26,10,I,"Reviews, Video, Bottom Ads, Find results on, Related searches",0,0.36
"canada visit visa sri lanka",0,10,,,0,0
"visit sri lanka november",0,10,,,4.15,0
"place to visit sri lanka",17,10,I,"Reviews, Video, People also ask, Bottom Ads, Destinations, AI Overview, Related searches",0.61,0.45
"best time to visit sri lanka september",0,10,,,0,0
"sites to visit in sri lanka",18,10,I,"Reviews, Video, People also ask, Top Ads, Bottom Ads, Find results on, AI Overview, Related searches",0.62,0.48
"visit visa to singapore from sri lanka",0,10,,,0,0
"colombo sri lanka visit",0,10,,,0,0
"places to visit around colombo sri lanka",13,10,I,"Reviews, People also ask, Related searches, Image, Sites",0,0
"best time to visit sri lanka maldives",0,10,,,0,0
"places to visit in sigiriya sri lanka",0,10,,,0,0
"sri lanka visit visa for indian",0,10,,,0,0
"places to visit in batticaloa sri lanka",0,10,,,0,0
"places to visit in sri lanka related to ramayana",0,10,,,0,0
"buddha visit sri lanka",0,10,,,0,0
"when is best to visit sri lanka",12,10,I,"Reviews, Video, People also ask, Bottom Ads, Find results on, AI Overview, Related searches, Sites",0.31,0.34
"places to visit in sri lanka tourism",0,10,,,0,0
"tourist places to visit in sri lanka",0,10,,,0,0
"places to visit in east coast of sri lanka",0,10,,,0,0
"visiting card printing sri lanka",0,10,,,0,0.01
"visiting sri lanka vaccinations",0,10,,,0,0
"fun places to visit in sri lanka",0,10,,,0,0
"sri lanka cities to visit",0,10,,,0.61,0.44
"visit jaffna sri lanka",0,10,,,0,0
"best time to visit galle sri lanka",0,10,,,0,0
"home visit spa sri lanka",6,10,"L, C","Local pack, Reviews, Video, People also ask, Related searches",0,0
"places to visit in hill country sri lanka",0,10,,,0,0
"best places to visit in sri lanka in may",14,10,I,"Reviews, Video, People also ask, Bottom Ads, Find results on, AI Overview, Related searches, Sites, Middle Ads",0,0.37
"visit visa to philippines from sri lanka",0,10,,,0,0
"visiting colombo sri lanka",0,10,,,0,0
"visiting sri lanka in january",0,10,,,0,0
"visit sri lanka tourism",0,10,,,0,0
"best places to visit in sri lanka for honeymoon",18,10,I,"Video, People also ask, Bottom Ads, Find results on, AI Overview, Related searches",0,0
"places to visit in sri lanka in june",0,10,,,0,0
"home visit massage therapist in sri lanka",0,10,,,0,0
"best places to visit in sri lanka in june",0,10,,,0.79,0
"pope to visit sri lanka",0,10,,,0,0
"visit visa to abu dhabi from sri lanka",0,10,,,0,0
"sri lanka visit visa online",0,10,,,0.48,0.71
"visit sri lanka 2015",0,10,,,0,0
"visiting sri lanka",34,10,I,"Video, People also ask, Images, AI Overview, Related searches",1.04,0.51
"doctor home visit sri lanka",3,10,"L, C","Local pack, Reviews, FAQ, Related searches, Image",0,0
"places to visit in chilaw sri lanka",0,10,,,0,0
"how much time to visit sri lanka",0,10,,,0,0
"when is best time to visit sri lanka",12,10,I,"Reviews, Video, People also ask, Bottom Ads, AI Overview, Related searches, Sites",0.31,0.34
"holiday places to visit in sri lanka",29,10,I,"People also ask, Images, Destinations, Related searches, Image, Sites",0,0
"sri lanka best time to visit",12,10,I,"Reviews, Video, People also ask, Bottom Ads, AI Overview, Related searches, Image",0.46,0.22
"what are the best places to visit in sri lanka",12,10,I,"Reviews, Video, People also ask, Bottom Ads, Destinations, AI Overview, Related searches, Image, Middle Ads",0.91,0.6
"top 10 places visit sri lanka",0,10,,,0,0
"weather in sri lanka best time to visit",0,10,,,0.07,0.28
"places visit kandy sri lanka",0,10,,,2.57,0
"pope john paul ii visit to sri lanka",0,10,,,0,0
"visit sri lanka in september",0,10,,,0.67,0
"norway visit visa from sri lanka",0,10,,,0,0.14
"visa application for sri lanka visit",0,10,,,0,0
"my visit to sri lanka",18,10,I,"Reviews, People also ask, Images, Related searches, Image, Sites",0,0
"places to visit in northern province sri lanka",0,10,,,0,0
"visit visa to canada from sri lanka",0,10,,,0,0
"reasons to visit sri lanka",0,10,,,0,0
"right time to visit sri lanka",0,10,,,0,0
"best month to visit sri lanka and maldives",0,10,,,3.66,0
"best place to visit in sri lanka in november",0,10,,,0,0
"cameron visit to sri lanka",0,10,,,0,0
"sri lanka most visited websites",0,10,,,0,0
"visit sri lanka now",36,10,I,"Video, People also ask, Bottom Ads, AI Overview, Related searches, Sites",0,0
"sri lanka visit visa fees",0,10,,,0.54,0.48
"pope visit to sri lanka 2015",0,10,,,0,0
"what to visit in sri lanka",12,10,I,"Reviews, Video, People also ask, Bottom Ads, Find results on, AI Overview, Related searches",0.39,0.51
"visit sri lanka april",0,10,,,1.08,0.33
"top 10 places to visit in colombo sri lanka",10,10,"I, N","Reviews, Sitelinks, People also ask, Related searches, Sites",0,0
"best places to visit near colombo sri lanka",12,10,I,"Reviews, Video, People also ask, Bottom Ads, Find results on, Related searches, Sites",0,0.48
"should i visit sri lanka",0,10,,,0,0
"places to visit in western province sri lanka",0,10,,,0,0
"places to visit in kalutara sri lanka",0,10,,,0,0
"10 good reasons to visit sri lanka",0,10,,,0,0
"visite sri lanka",0,10,,,0,0
"sri lanka best places to visit in december",11,10,I,"Reviews, Video, People also ask, Bottom Ads, AI Overview, Related searches",0,0.64
"home visit massage in sri lanka",0,10,,,0,0
"visiting sri lanka in september",0,10,,,2.73,0
"visit sri lanka colombo",0,10,,,0,0
"sri lanka visit visa requirements for pakistani citizens",0,10,,,0,0
"places to visit in north western province sri lanka",0,10,,,0,0
"sri lanka best time to visit colombo",0,10,,,0,0
"what time of year to visit sri lanka",0,10,,,0,0.16
"visit sri lanka com",0,10,,,0,0
"imran khan sri lanka visit",0,10,,,0,0
"best places to visit in sri lanka near colombo",0,10,,,0,0
"places to visit in sri lanka top 10",13,10,I,"Video, People also ask, Find results on, AI Overview, Related searches",0,0.64
"visit sri lanka in march",0,10,,,0,0
"visiter le sri lanka",5,10,I,"Reviews, Video, People also ask, Images, AI Overview, Related searches",0,0.64
"best time of year to visit galle sri lanka",0,10,,,0,0
"visit in sri lanka",19,10,I,"Reviews, Video, People also ask, Bottom Ads, Find results on, Destinations, AI Overview, Related searches",1.04,0.51
"places to visit in sri lanka with kids",9,10,I,"Reviews, Video, People also ask, Bottom Ads, Find results on, AI Overview, Related searches, Image",0,0
"imran khan visit to sri lanka",0,10,,,0,0
"sri lanka places to visit list",12,10,I,"Video, People also ask, Bottom Ads, Find results on, Related searches",0,0
"visit sri lanka in january",0,10,,,0,0
"prince charles visit to sri lanka",0,10,,,0,0
"places to visit in sri lanka in may",0,10,,,0,0
"us visit visa sri lanka",0,10,,,0,0
"adventure places to visit in sri lanka",10,10,I,"Reviews, People also ask, Images, Related searches, Image, Sites",0,0
"10 reasons to visit sri lanka",0,10,,,0,0
"places to visit near kandy sri lanka",0,10,,,0,0
"best places to visit in sri lanka with family",9,10,I,"Reviews, Video, People also ask, Bottom Ads, Find results on, AI Overview, Related searches, Things to Do",0.87,0.67
"when best time to visit sri lanka",0,10,,,2.06,0
"sri lanka places to visit lonely planet",0,10,,,0,0
"pope visit to sri lanka",0,10,,,0,0
"sri lanka best places to visit in august",0,10,,,0,0
"visit sri lanka june",0,10,,,0,0
"the place i like to visit in sri lanka essay",0,10,,,0,0
"visit of sri lanka",23,10,I,"Reviews, Video, People also ask, Bottom Ads, Destinations, AI Overview, Related searches, Image",1.04,0.51
"list of places to visit in sri lanka",0,10,,,0,0
"best time to visit yala sri lanka",0,10,,,0,0
"places to visit in hikkaduwa sri lanka",0,10,,,0,0
"visit sri lanka october",0,10,,,0,0
"places to visit in southern province sri lanka",0,10,,,0,0
"pope visit sri lanka",0,10,,,0,0
"visiting visa to australia from sri lanka",0,10,,,0,0
"places to visit around galle sri lanka",0,10,,,0,0
"visit sri lanka in february",0,10,,,0,0
"best places to visit in hikkaduwa sri lanka",0,10,,,0,0
"best time of year to visit sri lanka",12,10,I,"Reviews, Video, People also ask, Bottom Ads, AI Overview, Image, Sites",0.33,0.23
"the best places to visit in sri lanka",18,10,I,"Reviews, Video, People also ask, Bottom Ads, Destinations, Related searches",0,0.31
"best places to visit east coast sri lanka",0,10,,,2.5,0
"visiting ella sri lanka",0,10,,,0,0
"sri lanka best season to visit",0,10,,,0.2,0.24
"best areas to visit in sri lanka",12,10,I,"Video, People also ask, Bottom Ads, Find results on, AI Overview, Related searches, Sites",0.72,0.51
"visit sri lanka in december",0,10,,,0,0
"sri lanka worth visiting",0,10,,,0,0
"visit sri lanka august",0,10,,,0,0
"visit visa to japan from sri lanka",0,10,,,0,0
"best time to visit tangalle sri lanka",0,10,,,0,0
"hidden places to visit in sri lanka",0,10,,,0,0
"cool places to visit in sri lanka",0,10,,,0.62,0.45
"places to visit in badulla sri lanka",0,10,,,0,0
"visit sri lanka in june",0,10,,,0,0
"is april good time to visit sri lanka",0,10,,,0,0
"best season to visit sri lanka",12,10,I,"Reviews, Video, People also ask, Bottom Ads, AI Overview, Related searches",0.29,0.24
"visit sri lanka in november",0,10,,,4.16,0
"best places to visit in sri lanka",12,10,I,"Reviews, Video, People also ask, Bottom Ads, Destinations, AI Overview, Related searches",0.72,0.51
"visit visa to saudi arabia from sri lanka",0,10,,,0,0
"quand visiter le sri lanka",0,10,,,0,0
"vaccination sri lanka visit",0,10,,,0,0
"places to visit in sri lanka in one day",12,10,I,"Reviews, People also ask, Related searches, Image, Sites",0,0
"visit sigiriya sri lanka",19,10,"L, C","Reviews, People also ask, GBP, Related searches, Image, Sites",0,0.14
"popular places to visit in sri lanka",0,10,,,0,0
"italy visit visa from sri lanka",0,10,,,0,0
"places to visit in sri lanka in october",11,10,I,"Reviews, Video, People also ask, Bottom Ads, Find results on, AI Overview, Related searches, Image, Middle Ads",0,0.71
"sri lanka visit visa application",0,10,,,0,0
"visiting cards printing sri lanka",0,10,,,0,0.01
"good place to visit in sri lanka",0,10,,,0.62,0.45
"places to visit in north sri lanka",0,10,,,0,0
"visit to sri lanka from india",9,10,I,"Featured snippets, Reviews, Video, People also ask, Bottom Ads, Find results on, Related searches",0,0
"visit visa to new zealand from sri lanka",0,10,,,0,0
"visit sri lanka visa requirements",0,10,,,0,0
"is visa required to visit sri lanka from india",0,10,,,0,0
"canadian visit visa application from sri lanka",0,10,,,0,0
"best time to visit sri lanka 2012",0,10,,,0,0
"ban ki moon visit to sri lanka",0,10,,,0,0
"places to visit in sri lanka in april",0,10,,,0,0
"do we need visa to visit sri lanka",0,10,,,0,0
"best time to visit india and sri lanka",0,10,,,0,0
"best time to visit unawatuna sri lanka",0,10,,,0,0
"uk visit visa application form sri lanka",0,10,,,3.24,0
"10 best places to visit in sri lanka",12,10,I,"Video, People also ask, Bottom Ads, Destinations, AI Overview, Related searches",0,0
"when should i visit sri lanka",0,10,,,0,0
"place to visit in sri lanka colombo",0,10,,,1.1,0
"tea factory visit sri lanka",0,10,,,0,0.14
"galle sri lanka best time to visit",0,10,,,0,0
"sri lanka visit in june",0,10,,,0,0
"us visit visa application form sri lanka",0,10,,,0,0
"best time to visit kalutara sri lanka",0,10,,,0,0
"visit visa for sri lanka from pakistan",0,10,,,0,0
"is july good time to visit sri lanka",0,10,,,0,0
"unique places to visit in sri lanka",0,10,,,0,0.52
"visit sri lanka youtube",0,10,,,0,0
"places to visit in sri lanka in december",14,10,I,"Video, People also ask, Bottom Ads, Find results on, Destinations, AI Overview, Related searches, Image",0,0.71
"visit sri lanka july",0,10,,,2.96,0
"natural places to visit in sri lanka",8,10,I,"Reviews, Video, Images, Find results on, Destinations, AI Overview, Related searches",0,0
"best time to visit sri lanka and the maldives",0,10,,,0,0
"visit galle sri lanka",0,10,,,0,0
"places to visit near negombo sri lanka",0,10,,,0,0
"places to visit in ratnapura sri lanka",0,10,,,0,0
"visiting sri lanka in april",0,10,,,1.08,0.33
"visit sri lanka tours train tickets",15,10,I,"Reviews, Video, People also ask, Related searches, Sites",0,0
"visit sri lanka may",0,10,,,0,0
"best time to visit sri lanka for surfing",0,10,,,0,0
"visa requirements to visit sri lanka",0,10,,,0,0
"romantic places to visit in sri lanka",13,10,I,"Reviews, Video, People also ask, Bottom Ads, Find results on, AI Overview, Related searches",0,0
"best place to visit in sri lanka",12,10,I,"Reviews, Video, People also ask, Bottom Ads, AI Overview, Related searches",0.72,0.51
"best time to visit mirissa sri lanka",0,10,,,0,0
"sri lanka visit visa from dubai",0,10,,,0,0
"uk visit visa checklist sri lanka",0,10,,,0,0
"places to visit in eastern sri lanka",0,10,,,0,0.56
"sri lanka best places to visit in july",0,10,,,0,0
"visit kandy sri lanka",0,10,,,0,0
"interesting places in sri lanka to visit",12,10,I,"Reviews, Video, People also ask, Bottom Ads, Find results on, AI Overview, Related searches, Sites, Middle Ads",0,0
"best time to visit sri lanka south coast",0,10,,,2.31,0
"sri lanka visit visa for pakistani",0,10,,,0,0
"how to visit sri lanka from india",15,10,I,"Reviews, Video, People also ask, AI Overview, Related searches, Sites",0,0
"dubai visit visa in sri lanka",0,10,,,0,0
"is february a good time to visit sri lanka",0,10,,,0,0
"modi visit sri lanka",0,10,,,0,0
"most beautiful places to visit in sri lanka",6,10,I,"Video, People also ask, Bottom Ads, Destinations, AI Overview, Related searches",0,0.56
"places to visit in sri lanka within one day",12,10,I,"Reviews, People also ask, Top Ads, Related searches, Image, Sites",0,0
"visit sri lanka from india",0,10,,,0,0
"most visited places in sri lanka",18,10,I,"Reviews, Video, People also ask, Bottom Ads, Find results on, AI Overview, Related searches, Sites",0,0.28
"sri lanka famous places to visit",0,10,,,0,0
"sri lanka visit visa requirements",0,10,,,0,0
"travel best time to visit sri lanka",0,10,,,0,0
"best place to visit in sri lanka in june",0,10,,,0.79,0
"top cities to visit in sri lanka",14,10,I,"People also ask, Related searches, Sites",0,0.36
"how to get dubai visit visa from sri lanka",0,10,,,0,0
"home visit massage sri lanka",0,10,,,0,0
"nice place to visit in sri lanka",0,10,,,0,0
"places to visit in sri lanka in 2 days",15,10,I,"Reviews, Video, People also ask, Bottom Ads, Find results on, AI Overview, Related searches",0,0
"best time to visit south west sri lanka",0,10,,,2.43,0
"sri lanka visit visa dubai",0,10,,,0,0
"places to visit near galle sri lanka",0,10,,,0,0
"usa visit visa sri lanka",0,10,,,0,0.11
"what are the places to visit in sri lanka",18,10,I,"Reviews, Video, People also ask, Bottom Ads, Destinations, Related searches",0,0.56
"when is good to visit sri lanka",0,10,,,0,0
"best hotels to visit in sri lanka",8,10,I,"Video, People also ask, Hotel pack, Related searches",0,0
"places to visit in sri lanka in november",0,10,,,0,0
"sri lanka visit visa from pakistan",0,10,,,0,0
"places to visit in yala sri lanka",0,10,,,0,0
"visit sri lanka travels",0,10,,,0,0
"5 places to visit in sri lanka",0,10,,,0,0
"visiting visa to usa from sri lanka",0,10,,,0,0
"queen elizabeth visit to sri lanka",0,10,,,0,0
"sri lanka visit visa extension",0,10,,,0,0
"places to visit in sri lanka in march",13,10,I,"Reviews, Video, People also ask, Bottom Ads, Destinations, AI Overview, Related searches, Image, Sites",0,0
"the best time to visit sri lanka",0,10,,,1.96,0
"best time of year to visit bentota sri lanka",0,10,,,0,0
"best time to visit sri lanka climate",0,10,,,0,0
"best place to visit in colombo sri lanka",8,10,I,"Reviews, People also ask, Knowledge Panel, Related searches, Sites",0,0
"visiting sri lanka in march",0,10,,,0,0
"places to visit near colombo sri lanka",11,10,"I, N","Sitelinks, People also ask, Related searches, Sites",0,0.3
"visiting sri lanka in february",0,10,,,0,0
"visit sri lanka tours uk",0,10,,,0,0
"queen elizabeth sri lanka visit",0,10,,,0,0
"best time to visit south of sri lanka",0,10,,,1.08,0.56
"places to visit in east coast sri lanka",0,10,,,0,0
"visiting kandy sri lanka",0,10,,,0,0
"visit to sri lanka",32,10,I,"Reviews, Video, People also ask, Bottom Ads, Find results on, Related searches, Image",1.04,0.51
"visa to visit sri lanka from uk",0,10,,,0.78,0
"what places to visit in sri lanka",0,10,,,0,0
"places to visit in down south in sri lanka",0,10,,,0,0
"how to get visit visa to dubai from sri lanka",0,10,,,0,0
"visit sri lanka holidays",0,10,,,0,0
"sri lanka top 10 places to visit",12,10,I,"Video, People also ask, Destinations, AI Overview, Related searches",0,0.64
"best national park to visit in sri lanka",5,10,I,"Reviews, Video, People also ask, Bottom Ads, Find results on, Destinations, AI Overview, Related searches, Sites",0,0.36
"visit yala national park sri lanka",0,10,,,0,0.86
"sri lanka visit visa for bangladeshi",43,10,"I, N","Sitelinks, People also ask, AI Overview, Related searches",0,0.22
"visit sri lanka travel",33,10,I,"Reviews, Video, People also ask, Bottom Ads, Destinations, AI Overview, Related searches",0,0
"places to visit down south sri lanka",8,10,"L, C","Local pack, Reviews, Video, People also ask, Find results on, AI Overview, Related searches",0,0.04
"visa to visit sri lanka from australia",0,10,,,0,0
"visiter sri lanka",14,10,I,"Reviews, Video, People also ask, Images, AI Overview, Related searches",0,0.43
"best month to visit sri lanka",17,10,I,"Featured snippets, Reviews, Video, People also ask, Bottom Ads, Find results on",0.26,0.21
"dubai visit visa price in sri lanka",0,10,,,0,0
"places to visit in pasikuda sri lanka",0,10,,,0,0
"good time of year to visit sri lanka",0,10,,,0,0
"places to visit in sri lanka map",0,10,,,0,0
"sri lanka season to visit",0,10,,,0,0.25
"visiting sri lanka in october",0,10,,,2.75,0
"dubai visit visa sri lanka",0,10,,,0,0
"colombo sri lanka best time to visit",0,10,,,0,0
"visit sri lanka january",0,10,,,0,0
"visit visa to usa from sri lanka",0,10,,,0,0
"est time to visit sri lanka",12,10,I,"Reviews, Video, People also ask, Bottom Ads, Find results on, AI Overview, Related searches, Image, Sites",0,0.14
"kandy sri lanka places to visit",0,10,,,2.56,0
"italy visit visa requirement for sri lanka",0,10,,,0,0
"places to visit near bentota sri lanka",7,10,I,"Reviews, Video, People also ask, Top Ads, AI Overview, Related searches, Sites",0,0
"when to visit sri lanka lonely planet",0,10,,,0,0
"when best to visit sri lanka",12,10,I,"Reviews, Video, People also ask, Find results on, AI Overview, Related searches",0.31,0.34
"best places to visit down south sri lanka",0,10,,,0,0
"procedure to visit sri lanka from india",0,10,,,0,0
"places to visit in south sri lanka",0,10,,,0.62,0.59
"places to visit in sri lanka in august",0,10,,,0,0
"visiting cards sri lanka",0,10,,,0,0.01
"places to visit in sri lanka by train",0,10,,,0,0
"is august good time to visit sri lanka",0,10,,,0,0
"best time to visit sri lanka november",0,10,,,0,0
"good places in sri lanka to visit",0,10,,,0.62,0.45
"sri lanka colombo places to visit",0,10,,,1.1,0
"sri lanka weather best time to visit",0,10,,,0,0
"visit ella sri lanka",0,10,,,0,0
"visit sri lanka in april",0,10,,,1.08,0.33
"come visit sri lanka",32,10,"L, C","Reviews, People also ask, Images, GBP, Related searches, Image",0,0.07
"uk visiting visa application form sri lanka",0,10,,,0,0
"places to visit in sri lanka kandy",0,10,,,2.57,0
"best time to visit beruwala sri lanka",0,10,,,0,0
"sri lanka holiday places to visit",13,10,I,"Reviews, Video, People also ask, Bottom Ads, Destinations, AI Overview, Related searches, Middle Ads",0,0
"places to visit in sri lanka tripadvisor",0,10,,,0,0
"best to visit sri lanka",7,10,I,"Reviews, Video, People also ask, Bottom Ads, Find results on, Destinations, AI Overview, Related searches, Image",1.24,0.43
"tea plantation visit sri lanka",0,10,,,0,0
"visiting sri lanka in december",0,10,,,0,0
"places to visit in sri lanka in january",6,10,I,"Video, People also ask, Top Ads, Bottom Ads, Related searches, Sites",0,0.86
"best time to visit cultural triangle sri lanka",5,10,I,"Reviews, Video, People also ask, Bottom Ads, AI Overview, Related searches",0,0.43
"visiting jaffna sri lanka",0,10,,,0,0
"places to visit in sri lanka in 4 days",6,10,I,"Reviews, Video, People also ask, Bottom Ads, Find results on, AI Overview, Related searches, Sites",0,0
"home visit female massage therapist in sri lanka",0,10,,,0,0
"interesting places to visit in sri lanka",17,10,I,"Reviews, Video, People also ask, Bottom Ads, Destinations, AI Overview, Related searches, Image",0,0.86
"most visited websites sri lanka",0,10,,,0,0
"places to visit sri lanka",12,10,I,"Reviews, Video, People also ask, Bottom Ads, Find results on, AI Overview, Related searches, Image",0.62,0.48
"top 10 places in sri lanka to visit",0,10,,,0,0
"sri lanka most beautiful places to visit",0,10,,,0,0
"sri lanka visit",25,10,I,"Reviews, Video, People also ask, Images, Bottom Ads, Destinations, AI Overview, Related searches",1.04,0.51
"season to visit sri lanka",0,10,,,0,0
"que visiter a galle sri lanka",0,10,,,0,0.14
"places to visit in central province sri lanka",0,10,,,0,0
"sri lanka visit in may",0,10,,,0,0
"places to visit in anuradhapura sri lanka",0,10,,,0,0
"best places to visit in kandy sri lanka",0,10,,,0,0
"good places to visit in sri lanka",18,10,I,"Video, People also ask, Bottom Ads, Destinations, AI Overview, Related searches, Sites, Middle Ads",0.72,0.51
"where in sri lanka to visit",0,10,,,0,0
"best places to visit in sri lanka for lovers",0,10,,,0,0
"eta application to visit sri lanka",0,10,,,0,0
"where to visit in sri lanka in september",0,10,,,0.15,0.33
"best places to visit in southern sri lanka",0,10,,,0,0
"when is a good time to visit sri lanka",17,10,I,"Featured snippets, Video, People also ask, Bottom Ads, Find results on, Related searches, Image",0.31,0.34
"sri lanka visit visa fee",0,10,,,0.54,0.48
"cheapest places to visit in sri lanka",0,10,,,0,0
"best time to visit sri lanka kandy",0,10,,,0,0
"countries sri lanka can visit without visa",0,10,,,0,0
"uncommon places to visit in sri lanka",0,10,,,0,0
"places to visit in sri lanka down south",0,10,,,0,0
"sri lanka tourism best time to visit",0,10,,,0,0
"places to visit in sri lanka bentota",0,0,,,0,0
"japan prime minister visit sri lanka",0,0,,,0,0
"visit visa application to australia from sri lanka",0,0,,,0,0
"destinations to visit in sri lanka",0,0,,,0,0
"visit sri lanka lonely planet",0,0,,,0,0
"top 10 reasons to visit sri lanka",0,0,,,0,0
"us citizens visiting sri lanka",0,0,,,0,0
"visiting yala sri lanka",0,0,,,0,0
"visit visa to oman from sri lanka",0,0,,,0,0
"narendra modi visit sri lanka",0,0,,,0,0
"queen elizabeth 2 visit to sri lanka",0,0,,,0,0
"pope francis visit to sri lanka time table",0,0,,,0,0
"visa for sri lanka visit",0,0,,,0,0
"sri lanka visit visa 100 kd",0,0,,,0,0
"sri lanka visit visa 1419",0,0,,,0,0
"japanese prime minister to visit sri lanka",0,0,,,0,0
"sri lanka cricket team to visit pakistan",0,0,,,0,0
"sri lanka visit guide",0,0,,,0,0
"visit yala sri lanka",0,0,,,0,0
"visa requirements for australian citizens visiting sri lanka",0,0,,,0,0
"visit sri lanka visa uk",0,0,,,0,0
"visit sri lanka holiday",0,0,,,0,0
"pope visit sri lanka official hymn",0,0,,,0,0
"places to visit in sri lanka in 6 days",0,0,,,0,0
"time to visit sri lanka weather",0,0,,,0,0
"sri lanka visit of pope francis",0,0,,,0,0
"places to visit in gampaha sri lanka",0,0,,,0,0
"time to visit sri lanka 7s",0,0,,,0,0
"papal visit schedule sri lanka",0,0,,,0,0
"visa requirements for british citizens visiting sri lanka",0,0,,,0,0
"pope visit to sri lanka 1995",0,0,,,0,0
"best places to visit in north sri lanka",0,0,,,0,0
"visiting sri lanka in one week",0,0,,,0,0
"india sri lanka visit",0,0,,,0,0
"visiting sri lanka 07",0,0,,,0,0
"visit visa to sri lanka 7s",0,0,,,0,0
"sri lanka visit may",0,0,,,0,0
"filipino need visa to visit sri lanka",0,0,,,0,0
"best time in the year to visit sri lanka",0,0,,,0,0
"papal visit to sri lanka official website",0,0,,,0,0
"map of sri lanka places to visit",0,0,,,0,0
"sri lanka weather best time visit",0,0,,,0,0
"best time visit sri lanka 952",0,0,,,0,0
"sri lanka to visit pakistan",0,0,,,0,0
"visiting north sri lanka",0,0,,,0,0
"sri lanka visit visa australia",0,0,,,0,0
"visiting northern sri lanka",0,0,,,0,0
"visiting sri lanka lonely planet",0,0,,,0,0
"apply uk visit visa from sri lanka",0,0,,,0,0
"sri lanka best time visit weather",0,0,,,0,0
"visit sri lanka advert",0,0,,,0,0
"places to visit in riverston sri lanka",0,0,,,0,0
"jermaine jackson visits sri lanka",0,0,,,0,0
"visit visa to sri lanka 07",0,0,,,0,0
"sri lanka visit visa 600",0,0,,,0,0
"visiter le nord du sri lanka",0,0,,,0,0
"places to visit in sri lanka near airport",0,0,,,0,0
"top places to visit in sri lanka blog comment",0,0,,,0,0
"tea estates to visit in sri lanka",0,0,,,0,0
"sri lanka visit visa on arrival",0,0,,,0,0
"visite visa contact sri lanka",0,0,,,0,0
"visit sri lanka march",0,0,,,0,0
"japanese pm visit sri lanka",0,0,,,0,0
"charles visit sri lanka",0,0,,,0,0
"best time year visit sri lanka",0,0,,,0,0
"visit sri lanka in winter",0,0,,,0,0
"sri lanka places to visit 04",0,0,,,0,0
"pope visit schedule to sri lanka",0,0,,,0,0
"how to get visit visa for sri lanka",0,0,,,0,0
"is sri lanka safe to visit 2011",0,0,,,0,0
"visa application form to visit sri lanka",0,0,,,0,0
"modi sri lanka visit highlights",0,0,,,0,0
"why did pope francis visit sri lanka",0,0,,,0,0
"visiting sri lanka in july august",0,0,,,0,0
"visiting sri lanka october",0,0,,,0,0
"places to visit in sri lanka galle",0,0,,,0,0
"pope visit sri lanka schedule",0,0,,,0,0
"pope visit to sri lanka dates",0,0,,,0,0
"who needs visa to visit sri lanka",0,0,,,0,0
"pope visit sri lanka video",0,0,,,0,0
"how to apply visit visa to sri lanka",0,0,,,0,0
"pope visit sri lanka live telecast",0,0,,,0,0
"best time to visit sri lanka wildlife",0,0,,,0,0
"why tourist visit sri lanka",0,0,,,0,0
"places to visit in northern sri lanka",0,0,,,0,0
"places to visit in sri lanka hill country",0,0,,,0,0
"pope visit schedule sri lanka",0,0,,,0,0
"papal visit sri lanka live",0,0,,,0,0
"sri lanka president visit china",0,0,,,0,0
"do singaporeans need visa to visit sri lanka",0,0,,,0,0
"visit southern sri lanka",0,0,,,0,0
"best part of sri lanka to visit in april",0,0,,,0,0
"places visit up country sri lanka",0,0,,,0,0
"visiting card printers in sri lanka",0,0,,,0,0
"visit visa of sri lanka",0,0,,,0,0
"visit sri lanka kataragama",0,0,,,0,0
"sri lanka orphanage visit",0,0,,,0,0
"david miliband visit to sri lanka",0,0,,,0,0
"sri lanka best visit time",0,0,,,0,0
"unusual places to visit in sri lanka",0,0,,,0,0
"visit sri lanka wikitravel",0,0,,,0,0
"australian visiting sri lanka visa",0,0,,,0,0
"pope visit to sri lanka youtube",0,0,,,0,0
"visit tea factory sri lanka",0,0,,,0,0
"lonely planet names sri lanka best to visit in 2013",0,0,,,0,0
"pope visit sri lanka 2015 live",0,0,,,0,0
"visa to visit uk from sri lanka",0,0,,,0,0
"visit sri lanka 952",0,0,,,0,0
"places to visit in sri lanka in 1 day",0,0,,,0,0
"visit dilmah tea sri lanka",0,0,,,0,0
"ajahn brahm sri lanka visit",0,0,,,0,0
"sri lanka pope visit video",0,0,,,0,0
"visit sri lanka ppt",0,0,,,0,0
"visit sri lanka brochure",0,0,,,0,0
"david cameron visit to sri lanka",0,0,,,0,0
"home visit spa in sri lanka",0,0,,,0,0
"essential places to visit in sri lanka",0,0,,,0,0
"when is best time of year to visit sri lanka",0,0,,,0,0
"top 10 places to visit in sri lanka blog comment",0,0,,,0,0
"prince charles sri lanka visit",0,0,,,0,0
"places to visit in unawatuna sri lanka",0,0,,,0,0
"sri lanka visit of pope",0,0,,,0,0
"cultural places to visit in sri lanka",0,0,,,0,0
"pope sri lanka visit live",0,0,,,0,0
"top 10 must visit places in sri lanka",0,0,,,0,0
"sri lanka visit visa jeddah",0,0,,,0,0
"visit sri lanka 2013",0,0,,,0,0
"visiting card holders in sri lanka",0,0,,,0,0
"john kerry visit sri lanka",0,0,,,0,0
"when not to visit sri lanka",0,0,,,0,0
"places to visit in mirissa sri lanka",0,0,,,0,0
"visit visa application to sri lanka",0,0,,,0,0
"visiting sri lanka on business",0,0,,,0,0
"visit visa to sri lanka 952",0,0,,,0,0
"reasons not to visit sri lanka",0,0,,,0,0
"sri lanka elephants visit",0,0,,,0,0
"who needs a visa to visit sri lanka",0,0,,,0,0
"why not to visit sri lanka",0,0,,,0,0
"sri lanka places to visit 9gag",0,0,,,0,0
"visit sri lanka 07",0,0,,,0,0
"canadian visiting sri lanka visa",0,0,,,0,0
"visiting visa sri lanka",0,0,,,0,0
"visit sri lanka reviews",0,0,,,0,0
"pope visit sri lanka 2015 website",0,0,,,0,0
"visit sri lanka from pakistan",0,0,,,0,0
"pope visit schedule in sri lanka",0,0,,,0,0
"places visit dambulla sri lanka",0,0,,,0,0
"david cameron visit sri lanka",0,0,,,0,0
"sri lanka map with places to visit",0,0,,,0,0
"itinerary to visit sri lanka",0,0,,,0,0
"is it good to visit sri lanka in october",0,0,,,0,0
"visit visa from sri lanka to canada",0,0,,,0,0
"sri lanka places to visit visa",0,0,,,0,0
"sri lanka visit november",0,0,,,0,0
"5 reasons to visit sri lanka",0,0,,,0,0
"places to visit in sri lanka pdf",0,0,,,0,0
"pope visit sri lanka road",0,0,,,0,0
"where to visit sri lanka in july",0,0,,,0,0
"visiting sri lanka august",0,0,,,0,0
"pope visit 2015 sri lanka",0,0,,,0,0
"why should we visit sri lanka",0,0,,,0,0
"visiting galle sri lanka",0,0,,,0,0
"places to visit in sri lanka lonely planet",0,0,,,0,0
"sri lanka when visit",0,0,,,0,0
"visit sri lanka cnn ad",0,0,,,0,0
"pope visit to sri lanka 2015 live",0,0,,,0,0
"sri lanka visit visa eta",0,0,,,0,0
"pictures of places to visit in sri lanka",0,0,,,0,0
"free places to visit in sri lanka",0,0,,,0,0
"yingluck shinawatra visit sri lanka",0,0,,,0,0
"visit sri lanka tripadvisor",0,0,,,0,0
"pope visit to sri lanka cancelled",0,0,,,0,0
"sri lanka visit pope francis",0,0,,,0,0
"sri lanka china visit",0,0,,,0,0
"visiting sri lanka pregnant",0,0,,,0,0
"pope francis visit sri lanka video",0,0,,,0,0
"places to visit in sri lanka anuradhapura",0,0,,,0,0
"best part of sri lanka to visit in september",0,0,,,0,0
"che guevara visit sri lanka",0,0,,,0,0
"when pope visit sri lanka",0,0,,,0,0
"sri lanka best to visit",0,0,,,0,0
"why visit sri lanka 952",0,0,,,0,0
"visiting card designs sri lanka",0,0,,,0,0
"sri lanka tea visit",0,0,,,0,0
"when to visit sri lanka 7s",0,0,,,0,0
"spa home visit sri lanka",0,0,,,0,0
"sri lanka visiting uk",0,0,,,0,0
"when to visit to sri lanka",0,0,,,0,0
"visit sri lanka beaches",0,0,,,0,0
"china president visit sri lanka bbc",0,0,,,0,0
"visiter le sri lanka en aout",0,0,,,0,0
"when to visit sri lanka 952",0,0,,,0,0
"sri lanka visit pope",0,0,,,0,0
"pope visit sri lanka youtube",0,0,,,0,0
"visit sri lanka map",0,0,,,0,0
"sri lanka visit visa information",0,0,,,0,0
"visit visa to uae from sri lanka",0,0,,,0,0
"uk visit visa require from sri lanka",0,0,,,0,0
"sri lanka visit by modi",0,0,,,0,0
"xi visit sri lanka",0,0,,,0,0
"best time to visit kandy in sri lanka",0,0,,,0,0
"best time to visit hill country sri lanka",0,0,,,0,0
"visiting sri lanka for the first time",0,0,,,0,0
"visit sri lanka or thailand",0,0,,,0,0
"sri lanka visit august",0,0,,,0,0
"visiting card printing in sri lanka",0,0,,,0,0
"best part of sri lanka to visit in august",0,0,,,0,0
"visit sri lanka 2014",0,0,,,0,0
"japanese prime minister sri lanka visit",0,0,,,0,0
"when is the best time to visit galle sri lanka",0,0,,,0,0
"honeymoon places to visit in sri lanka",0,0,,,0,0
"japanese pm visit to sri lanka",0,0,,,0,0
"visit lanka sri lanka",0,0,,,0,0
"places to visit in matale sri lanka",0,0,,,0,0
"rare places to visit in sri lanka",0,0,,,0,0
"places to visit in sri lanka up country",0,0,,,0,0
"home visit massage therapist sri lanka",0,0,,,0,0
"best time to visit sri lanka cruise",0,0,,,0,0
"visit sri lanka blog",0,0,,,0,0
"business visit visa sri lanka",0,0,,,0,0
"visit sri lanka or india",0,0,,,0,0
"best time to visit waikkal sri lanka",0,0,,,0,0
"online visit visa for sri lanka",0,0,,,0,0
"time to visit sri lanka 952",0,0,,,0,0
"map of places to visit in sri lanka",0,0,,,0,0
"is sri lanka a good place to visit yahoo",0,0,,,0,0
"sri lanka pope visit holiday",0,0,,,0,0
"pope visit to sri lanka live",0,0,,,0,0
"top 10 cities to visit in sri lanka",0,0,,,0,0
"visiting sri lanka 952",0,0,,,0,0
"sri lanka visit visa extension form",0,0,,,0,0
"best time of year to visit tangalle sri lanka",0,0,,,0,0
"sri lanka pope visit 2015",0,0,,,0,0
"best part of sri lanka to visit in december",0,0,,,0,0
"apply for uk visit visa from sri lanka",0,0,,,0,0
"lord buddha visit sri lanka",0,0,,,0,0
"uk visiting visa fee from sri lanka",0,0,,,0,0
"sri lanka why visit 04",0,0,,,0,0
"visit elephant orphanage sri lanka",0,0,,,0,0
"sri lanka climate when to visit",0,0,,,0,0
"sri lanka weather visit",0,0,,,0,0
"visit sri lanka pictures",0,0,,,0,0
"best time to visit sri lanka for whale watching",0,0,,,0,0
"visit sri lanka time of year",0,0,,,0,0
"best places sri lanka visit",0,0,,,0,0
"visit elephants sri lanka",0,0,,,0,0
"too many reason to visit sri lanka",0,0,,,0,0
"business visa to visit sri lanka",0,0,,,0,0
"salman khan visit sri lanka",0,0,,,0,0
"visit dambulla sri lanka",0,0,,,0,0
"uk visiting visa sri lanka",0,0,,,0,0
"lovely places to visit in sri lanka",0,0,,,0,0
"places to visit at kandy sri lanka",0,0,,,0,0
"top destinations to visit in sri lanka",0,0,,,0,0
"places to visit in habarana sri lanka",0,0,,,0,0
"sri lanka short visit visa",0,0,,,0,0
"sri lanka weather time to visit",0,0,,,0,0
"the pope visits sri lanka",0,0,,,0,0
"places to visit in kalpitiya sri lanka",0,0,,,0,0
"prince charles visit to british council sri lanka",0,0,,,0,0
"sri lanka india visit",0,0,,,0,0
"prince of wales visit to sri lanka",0,0,,,0,0
"places to visit in sri lanka list",0,0,,,0,0
"visit mirissa sri lanka",0,0,,,0,0
"visit victoria dam sri lanka",0,0,,,0,0
"visit uk from sri lanka",0,0,,,0,0
"is it ok to visit sri lanka in october",0,0,,,0,0
"best way to visit sri lanka in one week",0,0,,,0,0
"visiting sri lanka blog",0,0,,,0,0
"sri lanka interesting places visit",0,0,,,0,0
"need a visa to visit sri lanka",0,0,,,0,0
"peak time to visit sri lanka",0,0,,,0,0
"pope visit sri lanka route",0,0,,,0,0
"visiting negombo sri lanka",0,0,,,0,0
"visit sri lanka tea plantation",0,0,,,0,0
"japan president visit sri lanka",0,0,,,0,0
"do australian need visa to visit sri lanka",0,0,,,0,0
"visit visa requirements for sri lanka",0,0,,,0,0
"places to visit in sri lanka for locals",0,0,,,0,0
"nice places to visit in galle sri lanka",0,0,,,0,0
"visit a tea factory sri lanka",0,0,,,0,0
"best places to visit in sri lanka map",0,0,,,0,0
"should i visit sri lanka in august",0,0,,,0,0
"which part of sri lanka to visit in august",0,0,,,0,0
"visit sri lanka 2012",0,0,,,0,0
"places to visit in beruwala sri lanka",0,0,,,0,0
"pope visit to sri lanka official website",0,0,,,0,0
"visiting lecturer jobs sri lanka",0,0,,,0,0
"visiting australia from sri lanka",0,0,,,0,0
"visa required to visit sri lanka",0,0,,,0,0
"visit sri lanka tours trains",0,0,,,0,0
"visit visa in sri lanka",0,0,,,0,0
"sri lanka colombo visit",0,0,,,0,0
"visit to ambalangoda in sri lanka",0,0,,,0,0
"places to visit in sri lanka blog comment",0,0,,,0,0
"documents to carry for sri lanka visit",0,0,,,0,0
"sri lanka online visit visa",0,0,,,0,0
"hotel visit spa in sri lanka",0,0,,,0,0
"best beaches in sri lanka to visit",0,0,,,0,0
"best destinations to visit in sri lanka",0,0,,,0,0
"visit visa from sri lanka to uk",0,0,,,0,0
"visit visa to sri lanka from dubai",0,0,,,0,0
"places to visit in tangalle sri lanka",0,0,,,0,0
"who like to visit sri lanka",0,0,,,0,0
"top 10 to visit in sri lanka",0,0,,,0,0
"best part of sri lanka to visit in october",0,0,,,0,0
"visit sri lanka parliament",0,0,,,0,0
"best time to visit marawila sri lanka",0,0,,,0,0
"tourist visa for visiting sri lanka",0,0,,,0,0
"visit visa to sri lanka 2014",0,0,,,0,0
"go visit sri lanka com",0,0,,,0,0
"why visit sri lanka 7s",0,0,,,0,0
"religious places to visit in sri lanka",0,0,,,0,0
"papal visit sri lanka itinerary",0,0,,,0,0
"mirissa sri lanka best time to visit",0,0,,,0,0
"sri lanka pope visit schedule",0,0,,,0,0
"visit visa to south africa from sri lanka",0,0,,,0,0
"visit maldives from sri lanka",0,0,,,0,0
"online visit visa to sri lanka",0,0,,,0,0
"how to extend sri lanka visit visa",0,0,,,0,0
"pope francis visits sri lanka",0,0,,,0,0
"exotic places to visit in sri lanka",0,0,,,0,0
"tripadvisor best time to visit sri lanka",0,0,,,0,0
"visit visa to china from sri lanka",0,0,,,0,0
"qatar emir visit sri lanka",0,0,,,0,0
"when is the best time to visit negombo sri lanka",0,0,,,0,0
"top ten places to visit sri lanka",0,0,,,0,0
"sri lanka visit tea plantation",0,0,,,0,0
"visit sri lanka facebook",0,0,,,0,0
"places visit sri lanka top 10",0,0,,,0,0
"english visiting lecturer vacancies in sri lanka",0,0,,,0,0
"pope visit sri lanka 1970",0,0,,,0,0
"best time to visit north east sri lanka",0,0,,,0,0
"places to visit in haputale sri lanka",0,0,,,0,0
"best time 2 visit sri lanka",0,0,,,0,0
"visiting card designs in sri lanka",0,0,,,0,0
"visit east coast sri lanka",0,0,,,0,0
"best time visit colombo sri lanka",0,0,,,0,0
"first time visit to sri lanka",0,0,,,0,0
"indian visiting sri lanka visa",0,0,,,0,0
"qatar king visit sri lanka",0,0,,,0,0
"best time to visit sri lanka april",0,0,,,0,0
"visit to yala national park sri lanka",0,0,,,0,0
"pope sri lanka visit live telecast",0,0,,,0,0
"places to visit in deniyaya sri lanka",0,0,,,0,0
"traffic plan for pope visit sri lanka",0,0,,,0,0
"visit sri lanka 7s",0,0,,,0,0
"places to visit in sri lanka wikipedia",0,0,,,0,0
"channel 4 visit sri lanka",0,0,,,0,0
"visit sri lanka 2011",0,0,,,0,0
"visit india or sri lanka",0,0,,,0,0
"top 5 reasons to visit sri lanka",0,0,,,0,0
"pope visit sri lanka 2015 schedule",0,0,,,0,0
"why you should never visit sri lanka",0,0,,,0,0
"nice places to visit in colombo sri lanka",0,0,,,0,0
"visiting sri lanka in july weather",0,0,,,0,0
"sri lanka pope visit itinerary",0,0,,,0,0
"best part of sri lanka to visit in june",0,0,,,0,0
"queen elizabeth visit sri lanka",0,0,,,0,0
"pope visit sri lanka live",0,0,,,0,0
"home & hotel visit spa sri lanka",0,0,,,0,0
"why visit colombo sri lanka",0,0,,,0,0
"visiting sri lanka best time",0,0,,,0,0
"vaccinations required for visiting sri lanka",0,0,,,0,0
"visit polonnaruwa sri lanka",0,0,,,0,0
"visit sri lanka and maldives",0,0,,,0,0
"visit visa for sri lanka from uae",0,0,,,0,0
"when to visit colombo sri lanka",0,0,,,0,0
"places to visit in sri lanka wiki",0,0,,,0,0
"visit negombo sri lanka",0,0,,,0,0
"best places visit colombo sri lanka",0,0,,,0,0
"pope francis news sri lanka visit",0,0,,,0,0
"why visit sri lanka 07",0,0,,,0,0
"sri lanka why to visit",0,0,,,0,0
"places visit haputale sri lanka",0,0,,,0,0
"recommended places to visit in sri lanka",0,0,,,0,0
"visit dilmah sri lanka",0,0,,,0,0
"visit sri lanka pdf",0,0,,,0,0
"british citizen visiting sri lanka",0,0,,,0,0
"places to visit in south of sri lanka",0,0,,,0,0
"pope visit sri lanka 1995",0,0,,,0,0
"sri lanka visit visa japan",0,0,,,0,0
"time to visit sri lanka 07",0,0,,,0,0
"tourist visa to visit sri lanka",0,0,,,0,0
"medical advice visiting sri lanka",0,0,,,0,0
"sri lanka visit visa for philippines",0,0,,,0,0
"best place to visit in sri lanka july",0,0,,,0,0
"why did pope visit sri lanka",0,0,,,0,0
"best places to visit in hill country sri lanka",0,0,,,0,0
"best time visit sri lanka 7s",0,0,,,0,0
"should i visit sri lanka or india",0,0,,,0,0
"travel advice to visit sri lanka",0,0,,,0,0
"cameron visit to jaffna in sri lanka",0,0,,,0,0
"visit magical sri lanka",0,0,,,0,0
"why pope visit sri lanka",0,0,,,0,0
"sri lanka visit by pope",0,0,,,0,0
"top 10 places to visit in sri lanka foder",0,0,,,0,0
"how to apply for a visit visat to sri lanka",0,0,,,0,0
"places to visit in sri lanka blog",0,0,,,0,0
"best time to visit kalpitiya sri lanka",0,0,,,0,0
"pope visit sri lanka mass",0,0,,,0,0
"online submit visiting visa application for uk from sri lanka",0,0,,,0,0
"sri lanka visit visa 2014",0,0,,,0,0
"how to get visit visa to uk from sri lanka",0,0,,,0,0
"visit visa to sri lanka from pakistan",0,0,,,0,0
"places to visit in bandarawela sri lanka",0,0,,,0,0
"sri lanka places of visit",0,0,,,0,0
"places to visit in kurunegala sri lanka",0,0,,,0,0
"south sri lanka places to visit",0,0,,,0,0
"why is sri lanka a good place to visit",0,0,,,0,0
"places visit southern province sri lanka",0,0,,,0,0
"visit bentota sri lanka",0,0,,,0,0
"pope sri lanka visit route",0,0,,,0,0
"francis pope visit to sri lanka",0,0,,,0,0
"abe visit sri lanka",0,0,,,0,0
"pope visit sri lanka galle face",0,0,,,0,0
"xi jinping visit sri lanka",0,0,,,0,0
"places to visit in sri lanka jaffna",0,0,,,0,0
"swaziland king visit sri lanka",0,0,,,0,0
"sri lanka visit modi",0,0,,,0,0
"pope visit sri lanka official song",0,0,,,0,0
"philip kotler visit to sri lanka",0,0,,,0,0
"top 4 places to visit in sri lanka",0,0,,,0,0
"when is the best season to visit sri lanka",0,0,,,0,0
"best time to visit wadduwa sri lanka",0,0,,,0,0
"health advice visiting sri lanka",0,0,,,0,0
"sri lanka visit visa extension fee",0,0,,,0,0
"pope visit sri lanka news",0,0,,,0,0
"places to visit jaffna sri lanka",0,0,,,0,0
"sri lanka visit in december",0,0,,,0,0
"bentota sri lanka places to visit",0,0,,,0,0
"when to visit galle sri lanka",0,0,,,0,0
"visit visa to switzerland from sri lanka",0,0,,,0,0
"educational places to visit in sri lanka",0,0,,,0,0
"best time to visit sigiriya sri lanka",0,0,,,0,0
"best time visit sri lanka 07",0,0,,,0,0
"visit sri lanka weather",0,0,,,0,0
"pope visit to sri lanka video",0,0,,,0,0
"obama visit sri lanka",0,0,,,0,0
"why should visit sri lanka",0,0,,,0,0
"visiting sri lanka tea plantations",0,0,,,0,0
"visit sri lanka visa from india",0,0,,,0,0
"best time to visit beaches in sri lanka",0,0,,,0,0
"when to visit sri lanka 07",0,0,,,0,0
"how to visit sri lanka from philippines",0,0,,,0,0
"is it ok to visit sri lanka in july",0,0,,,0,0
"female therapist home visit sri lanka",0,0,,,0,0
"best time to visit sri lanka august",0,0,,,0,0
"visiting sri lanka tips",0,0,,,0,0
"pope francis visits buddhist temple in sri lanka",0,0,,,0,0
"japanese princess visit sri lanka",0,0,,,0,0
"best time to visit central sri lanka",0,0,,,0,0
"places to visit in sri lanka for 4 days",0,0,,,0,0
"why i want to visit sri lanka",0,0,,,0,0
"tea plantations to visit in sri lanka",0,0,,,0,0
"pope visit sri lanka website",0,0,,,0,0
"visit visa application form for sri lanka",0,0,,,0,0
"places 2 visit in sri lanka",0,0,,,0,0
"best place to visit sri lanka in december map",0,0,,,0,0
"must visit beaches in sri lanka",0,0,,,0,0
"imran khan to visit sri lanka",0,0,,,0,0
"sri lanka worth a visit",0,0,,,0,0
"when to visit kandy sri lanka",0,0,,,0,0
"when to visit sri lanka beaches",0,0,,,0,0
"places to visit in hambantota sri lanka",0,0,,,0,0
"visiting sri lanka june",0,0,,,0,0
"pope visit sri lanka official website",0,0,,,0,0
"sri lanka visit visa form",0,0,,,0,0
"why pope francis visit sri lanka",0,0,,,0,0
"visit visa for uk from sri lanka",0,0,,,0,0
"online visa to visit sri lanka",0,0,,,0,0
"places to visit in sri lanka trincomalee",0,0,,,0,0
"visit nuwara eliya sri lanka",0,0,,,0,0
"pope francis sri lanka visit route",0,0,,,0,0
"should you visit sri lanka",0,0,,,0,0
"is it ok to visit sri lanka in august",0,0,,,0,0
"most visited national park in sri lanka",0,0,,,0,0
"is sri lanka good to visit in september",0,0,,,0,0
"visit visa for dubai from sri lanka",0,0,,,0,0
"pope francis visit sri lanka 2015 youtube",0,0,,,0,0
"pope visit sri lanka road closure",0,0,,,0,0
"visiting sri lanka weather",0,0,,,0,0
"queen elizabeth ii visit 1981 sri lanka",0,0,,,0,0
"sri lanka visit of modi",0,0,,,0,0
"visiting sri lanka july",0,0,,,0,0
"best area of sri lanka to visit",0,0,,,0,0
"special places to visit in sri lanka",0,0,,,0,0
"pope visit sri lanka theme song",0,0,,,0,0
"how to apply for a visit visa to sri lanka",0,0,,,0,0
"visit sri lanka when",0,0,,,0,0
"lonely planet best time to visit sri lanka",0,0,,,0,0
"visit visa usa sri lanka",0,0,,,0,0
"places to visit in sri lanka and maldives",0,0,,,0,0
"kerry visit sri lanka",0,0,,,0,0
"is galle sri lanka worth visiting",0,0,,,0,0
"best time to visit sri lanka for holidays",0,0,,,0,0
"places to visit before you die sri lanka",0,0,,,0,0
"best time year to visit sri lanka",0,0,,,0,0
"hugo swire visit to sri lanka",0,0,,,0,0
"pope visit to sri lanka 2015 schedule",0,0,,,0,0
"can you visit sri lanka in august",0,0,,,0,0
"visit visa from sri lanka to dubai",0,0,,,0,0
"wildlife places to visit in sri lanka",0,0,,,0,0
"pope visit sri lanka road map",0,0,,,0,0
"best time to visit sri lanka 2014",0,0,,,0,0
"best time to visit sri lanka 2013",0,0,,,0,0
"when to visit southern sri lanka",0,0,,,0,0
"why should i visit sri lanka",0,0,,,0,0
"places to visit nuwara eliya sri lanka",0,0,,,0,0
"un visit sri lanka",0,0,,,0,0
